{
  "disease_accuracy": 0.8829,
  "disease_f1_weighted": 0.8937326764250422,
  "disease_cv_accuracy_mean": 0.8851800031770042,
  "disease_cv_accuracy_std": 0.00031475030011201047,
  "risk_accuracy": 0.715,
  "risk_f1_weighted": 0.7305031735674836,
  "risk_cv_accuracy_mean": 0.7258500922442476,
  "risk_cv_accuracy_std": 0.006597664415350517,
  "n_samples": 100000,
  "disease_classes": [
    "Asthma",
    "COVID-19",
    "Cancer",
    "Depression",
    "Diabetes",
    "Heart Disease",
    "Hypertension",
    "Kidney Disease",
    "Liver Disease",
    "Stroke"
  ],
  "risk_classes": [
    "High",
    "Low",
    "Medium"
  ],
  "disease_distribution": {
    "Kidney Disease": 10146,
    "Cancer": 10145,
    "Diabetes": 10110,
    "Asthma": 10054,
    "Depression": 9970,
    "Hypertension": 9954,
    "Liver Disease": 9943,
    "Stroke": 9937,
    "COVID-19": 9902,
    "Heart Disease": 9839
  },
  "risk_distribution": {
    "High": 61948,
    "Medium": 33920,
    "Low": 4132
  },
  "trained_at": "2026-05-18T15:07:41",
  "features_used": [
    "symptoms_tfidf",
    "age",
    "gender_enc"
  ],
  "symptom_dropout_keep_prob": 0.65,
  "risk_label_noise_pct": 0.05,
  "classification_report_disease": {
    "Asthma": {
      "precision": 1.0,
      "recall": 0.8189955246146196,
      "f1-score": 0.900492072170585,
      "support": 2011.0
    },
    "COVID-19": {
      "precision": 1.0,
      "recall": 1.0,
      "f1-score": 1.0,
      "support": 1980.0
    },
    "Cancer": {
      "precision": 1.0,
      "recall": 0.8097585017249876,
      "f1-score": 0.894880174291939,
      "support": 2029.0
    },
    "Depression": {
      "precision": 1.0,
      "recall": 0.8009027081243731,
      "f1-score": 0.8894458368142578,
      "support": 1994.0
    },
    "Diabetes": {
      "precision": 1.0,
      "recall": 0.8051434223541049,
      "f1-score": 0.8920547945205479,
      "support": 2022.0
    },
    "Heart Disease": {
      "precision": 0.8094240837696335,
      "recall": 0.7855691056910569,
      "f1-score": 0.7973182052604435,
      "support": 1968.0
    },
    "Hypertension": {
      "precision": 1.0,
      "recall": 1.0,
      "f1-score": 1.0,
      "support": 1991.0
    },
    "Kidney Disease": {
      "precision": 0.5063638632393311,
      "recall": 1.0,
      "f1-score": 0.6722995361166335,
      "support": 2029.0
    },
    "Liver Disease": {
      "precision": 1.0,
      "recall": 0.8094519859225742,
      "f1-score": 0.8946929702695193,
      "support": 1989.0
    },
    "Stroke": {
      "precision": 1.0,
      "recall": 1.0,
      "f1-score": 1.0,
      "support": 1987.0
    },
    "accuracy": 0.8829,
    "macro avg": {
      "precision": 0.9315787947008964,
      "recall": 0.8829821248431717,
      "f1-score": 0.8941183589443925,
      "support": 20000.0
    },
    "weighted avg": {
      "precision": 0.9311679437685619,
      "recall": 0.8829,
      "f1-score": 0.8937326764250422,
      "support": 20000.0
    }
  },
  "classification_report_risk": {
    "High": {
      "precision": 0.9462378495139806,
      "recall": 0.6582352450121045,
      "f1-score": 0.7763883418668768,
      "support": 11979.0
    },
    "Low": {
      "precision": 0.30296950240770465,
      "recall": 0.5992063492063492,
      "f1-score": 0.40245202558635396,
      "support": 1260.0
    },
    "Medium": {
      "precision": 0.6168937329700273,
      "recall": 0.8371542671202484,
      "f1-score": 0.7103413654618473,
      "support": 6761.0
    },
    "accuracy": 0.715,
    "macro avg": {
      "precision": 0.6220336949639041,
      "recall": 0.698198620446234,
      "f1-score": 0.629727244305026,
      "support": 20000.0
    },
    "weighted avg": {
      "precision": 0.7943771650486017,
      "recall": 0.715,
      "f1-score": 0.7305031735674836,
      "support": 20000.0
    }
  }
}